{
  "vidore/arxivqa_test_subsampled": {
    "ndcg_at_1": 0.71,
    "ndcg_at_3": 0.7649,
    "ndcg_at_5": 0.78134,
    "ndcg_at_10": 0.79551,
    "ndcg_at_20": 0.80539,
    "ndcg_at_100": 0.81631,
    "ndcg_at_1000": 0.81864,
    "map_at_1": 0.71,
    "map_at_3": 0.752,
    "map_at_5": 0.7611,
    "map_at_10": 0.76692,
    "map_at_20": 0.76977,
    "map_at_100": 0.77134,
    "map_at_1000": 0.77143,
    "recall_at_1": 0.71,
    "recall_at_3": 0.802,
    "recall_at_5": 0.842,
    "recall_at_10": 0.886,
    "recall_at_20": 0.924,
    "recall_at_100": 0.982,
    "recall_at_1000": 1.0,
    "precision_at_1": 0.71,
    "precision_at_3": 0.26733,
    "precision_at_5": 0.1684,
    "precision_at_10": 0.0886,
    "precision_at_20": 0.0462,
    "precision_at_100": 0.00982,
    "precision_at_1000": 0.001,
    "mrr_at_1": 0.706,
    "mrr_at_3": 0.751,
    "mrr_at_5": 0.7573,
    "mrr_at_10": 0.7638301587301587,
    "mrr_at_20": 0.7666639650339341,
    "mrr_at_100": 0.7682293660301676,
    "mrr_at_1000": 0.7683228106140632,
    "naucs_at_1_max": 0.02697033152345137,
    "naucs_at_1_std": 0.2940496265960007,
    "naucs_at_1_diff1": 0.8896206660118969,
    "naucs_at_3_max": 0.0718470489770007,
    "naucs_at_3_std": 0.2901864493944695,
    "naucs_at_3_diff1": 0.8556807066724489,
    "naucs_at_5_max": 0.1252157072092755,
    "naucs_at_5_std": 0.36343716247253116,
    "naucs_at_5_diff1": 0.8515251585991134,
    "naucs_at_10_max": -0.0006492749762782507,
    "naucs_at_10_std": 0.34146869329248986,
    "naucs_at_10_diff1": 0.8168794845755575,
    "naucs_at_20_max": 0.1587424443461553,
    "naucs_at_20_std": 0.45617720772519244,
    "naucs_at_20_diff1": 0.8366750208855459,
    "naucs_at_100_max": 0.1323270048760205,
    "naucs_at_100_std": 0.6104886399003965,
    "naucs_at_100_diff1": 0.8615001556178092,
    "naucs_at_1000_max": 1.0,
    "naucs_at_1000_std": 1.0,
    "naucs_at_1000_diff1": 1.0
  }
}