{
  "zh_cert_benchmark": {
    "backend": "colqwen2",
    "model_name": "vidore/colqwen2-v0.1",
    "dataset_path": "/mnt/d/codes/33_colpali-reproducibility/local_data/zh_cert_benchmark/benchmark_runs/seed_42_n_10_others_100/vidore_compat_test.jsonl",
    "manifest_path": "/mnt/d/codes/33_colpali-reproducibility/local_data/zh_cert_benchmark/benchmark_runs/seed_42_n_10_others_100/manifest.json",
    "relevance": "all sampled images from the requested class are positives for the class query",
    "metrics": {
      "ndcg_at_1": 0.92308,
      "ndcg_at_3": 0.94113,
      "ndcg_at_5": 0.93612,
      "ndcg_at_10": 0.91581,
      "ndcg_at_20": 0.95812,
      "ndcg_at_100": 0.96533,
      "ndcg_at_1000": 0.96533,
      "map_at_1": 0.09231,
      "map_at_3": 0.27949,
      "map_at_5": 0.4641,
      "map_at_10": 0.88177,
      "map_at_20": 0.92335,
      "map_at_100": 0.92954,
      "map_at_1000": 0.92954,
      "recall_at_1": 0.09231,
      "recall_at_3": 0.28462,
      "recall_at_5": 0.46923,
      "recall_at_10": 0.90769,
      "recall_at_20": 0.98462,
      "recall_at_100": 1.0,
      "recall_at_1000": 1.0,
      "precision_at_1": 0.92308,
      "precision_at_3": 0.94872,
      "precision_at_5": 0.93846,
      "precision_at_10": 0.90769,
      "precision_at_20": 0.49231,
      "precision_at_100": 0.1,
      "precision_at_1000": 0.01,
      "mrr_at_1": 0.9230769230769231,
      "mrr_at_3": 0.9615384615384616,
      "mrr_at_5": 0.9615384615384616,
      "mrr_at_10": 0.9615384615384616,
      "mrr_at_20": 0.9615384615384616,
      "mrr_at_100": 0.9615384615384616,
      "mrr_at_1000": 0.9615384615384616,
      "naucs_at_1_max": 0.8725490196078436,
      "naucs_at_1_std": 0.7196078431372551,
      "naucs_at_1_diff1": -0.5482259570494866,
      "naucs_at_3_max": 0.8725490196078438,
      "naucs_at_3_std": 0.7196078431372548,
      "naucs_at_3_diff1": -0.548225957049484,
      "naucs_at_5_max": 0.8725490196078423,
      "naucs_at_5_std": 0.7196078431372538,
      "naucs_at_5_diff1": -0.5482259570494864,
      "naucs_at_10_max": 0.4096447229116386,
      "naucs_at_10_std": 0.19168821701928218,
      "naucs_at_10_diff1": -0.09745387646007607,
      "naucs_at_20_max": -0.10132136624283693,
      "naucs_at_20_std": -0.3735726751433577,
      "naucs_at_20_diff1": -0.49025180752929776,
      "naucs_at_100_max": 1.0,
      "naucs_at_100_std": 1.0,
      "naucs_at_100_diff1": 1.0,
      "naucs_at_1000_max": NaN,
      "naucs_at_1000_std": NaN,
      "naucs_at_1000_diff1": NaN
    }
  }
}