{
  "zh_cert_benchmark": {
    "backend": "colqwen2",
    "model_name": "vidore/colqwen2-v0.1",
    "dataset_path": "/mnt/d/codes/33_colpali-reproducibility/local_data/zh_cert_benchmark/benchmark_runs/seed_42_n_3_others_30/vidore_compat_test.jsonl",
    "manifest_path": "/mnt/d/codes/33_colpali-reproducibility/local_data/zh_cert_benchmark/benchmark_runs/seed_42_n_3_others_30/manifest.json",
    "relevance": "all sampled images from the requested class are positives for the class query",
    "metrics": {
      "ndcg_at_1": 0.92308,
      "ndcg_at_3": 0.85088,
      "ndcg_at_5": 0.89594,
      "ndcg_at_10": 0.9317,
      "ndcg_at_20": 0.94145,
      "ndcg_at_100": 0.94145,
      "ndcg_at_1000": 0.94145,
      "map_at_1": 0.30769,
      "map_at_3": 0.79915,
      "map_at_5": 0.84786,
      "map_at_10": 0.88022,
      "map_at_20": 0.88663,
      "map_at_100": 0.88663,
      "map_at_1000": 0.88663,
      "recall_at_1": 0.30769,
      "recall_at_3": 0.82051,
      "recall_at_5": 0.89744,
      "recall_at_10": 0.97436,
      "recall_at_20": 1.0,
      "recall_at_100": 1.0,
      "recall_at_1000": 1.0,
      "precision_at_1": 0.92308,
      "precision_at_3": 0.82051,
      "precision_at_5": 0.53846,
      "precision_at_10": 0.29231,
      "precision_at_20": 0.15,
      "precision_at_100": 0.03,
      "precision_at_1000": 0.003,
      "mrr_at_1": 0.8461538461538461,
      "mrr_at_3": 0.9230769230769231,
      "mrr_at_5": 0.9230769230769231,
      "mrr_at_10": 0.9230769230769231,
      "mrr_at_20": 0.9230769230769231,
      "mrr_at_100": 0.9230769230769231,
      "mrr_at_1000": 0.9230769230769231,
      "naucs_at_1_max": 0.8725490196078436,
      "naucs_at_1_std": 0.5496732026143782,
      "naucs_at_1_diff1": 0.8725490196078436,
      "naucs_at_3_max": 0.15688131587407708,
      "naucs_at_3_std": 0.03985680398307412,
      "naucs_at_3_diff1": 0.5525732706561117,
      "naucs_at_5_max": 0.04620422022799115,
      "naucs_at_5_std": -0.042081008974046236,
      "naucs_at_5_diff1": 0.19457245263697093,
      "naucs_at_10_max": 0.1400093370681665,
      "naucs_at_10_std": -0.16587301587299869,
      "naucs_at_10_diff1": 0.1400093370681665,
      "naucs_at_20_max": NaN,
      "naucs_at_20_std": NaN,
      "naucs_at_20_diff1": NaN,
      "naucs_at_100_max": 1.0,
      "naucs_at_100_std": 1.0,
      "naucs_at_100_diff1": 1.0,
      "naucs_at_1000_max": 1.0,
      "naucs_at_1000_std": 1.0,
      "naucs_at_1000_diff1": 1.0
    }
  }
}