{
  "zh_cert_benchmark": {
    "backend": "registry",
    "model_name": "vidore/colpali",
    "dataset_path": "/mnt/d/codes/33_colpali-reproducibility/local_data/zh_cert_benchmark/benchmark_runs/seed_42_n_3_others_30/vidore_compat_test.jsonl",
    "manifest_path": "/mnt/d/codes/33_colpali-reproducibility/local_data/zh_cert_benchmark/benchmark_runs/seed_42_n_3_others_30/manifest.json",
    "relevance": "all sampled images from the requested class are positives for the class query",
    "metrics": {
      "ndcg_at_1": 0.53846,
      "ndcg_at_3": 0.44736,
      "ndcg_at_5": 0.56699,
      "ndcg_at_10": 0.67193,
      "ndcg_at_20": 0.69102,
      "ndcg_at_100": 0.71447,
      "ndcg_at_1000": 0.71447,
      "map_at_1": 0.17949,
      "map_at_3": 0.38462,
      "map_at_5": 0.46795,
      "map_at_10": 0.54982,
      "map_at_20": 0.55852,
      "map_at_100": 0.56715,
      "map_at_1000": 0.56715,
      "recall_at_1": 0.17949,
      "recall_at_3": 0.4359,
      "recall_at_5": 0.64103,
      "recall_at_10": 0.87179,
      "recall_at_20": 0.92308,
      "recall_at_100": 1.0,
      "recall_at_1000": 1.0,
      "precision_at_1": 0.53846,
      "precision_at_3": 0.4359,
      "precision_at_5": 0.38462,
      "precision_at_10": 0.26154,
      "precision_at_20": 0.13846,
      "precision_at_100": 0.03,
      "precision_at_1000": 0.003,
      "mrr_at_1": 0.5384615384615384,
      "mrr_at_3": 0.5384615384615384,
      "mrr_at_5": 0.5961538461538461,
      "mrr_at_10": 0.6217948717948718,
      "mrr_at_20": 0.6272893772893773,
      "mrr_at_100": 0.6272893772893773,
      "mrr_at_1000": 0.6272893772893773,
      "naucs_at_1_max": -0.09171853480948487,
      "naucs_at_1_std": -0.38803420628396335,
      "naucs_at_1_diff1": 0.20542987391503922,
      "naucs_at_3_max": -0.16635946841795463,
      "naucs_at_3_std": -0.026315789473684098,
      "naucs_at_3_diff1": 0.29550277252873236,
      "naucs_at_5_max": 0.008250498054718253,
      "naucs_at_5_std": 0.3866990706455416,
      "naucs_at_5_diff1": 0.34988474335840125,
      "naucs_at_10_max": 0.37558048012593687,
      "naucs_at_10_std": 0.8495867768595031,
      "naucs_at_10_diff1": 0.40423061786698256,
      "naucs_at_20_max": 0.5533560864618887,
      "naucs_at_20_std": 0.8491467576791799,
      "naucs_at_20_diff1": 0.7323094425483495,
      "naucs_at_100_max": 1.0,
      "naucs_at_100_std": 1.0,
      "naucs_at_100_diff1": 1.0,
      "naucs_at_1000_max": 1.0,
      "naucs_at_1000_std": 1.0,
      "naucs_at_1000_diff1": 1.0
    }
  }
}