{
  "zh_cert_benchmark": {
    "model_name": "vidore/colpali",
    "dataset_path": "/mnt/d/codes/33_colpali-reproducibility/local_data/zh_cert_benchmark/benchmark_runs/seed_42_n_3_others_30/vidore_compat_test.jsonl",
    "manifest_path": "/mnt/d/codes/33_colpali-reproducibility/local_data/zh_cert_benchmark/benchmark_runs/seed_42_n_3_others_30/manifest.json",
    "relevance": "all sampled images from the requested class are positives for the class query",
    "metrics": {
      "ndcg_at_1": 0.46154,
      "ndcg_at_3": 0.40739,
      "ndcg_at_5": 0.49751,
      "ndcg_at_10": 0.63916,
      "ndcg_at_20": 0.67703,
      "ndcg_at_100": 0.6929,
      "ndcg_at_1000": 0.6929,
      "map_at_1": 0.15385,
      "map_at_3": 0.33333,
      "map_at_5": 0.4,
      "map_at_10": 0.50479,
      "map_at_20": 0.52503,
      "map_at_100": 0.53068,
      "map_at_1000": 0.53068,
      "recall_at_1": 0.15385,
      "recall_at_3": 0.38462,
      "recall_at_5": 0.53846,
      "recall_at_10": 0.84615,
      "recall_at_20": 0.94872,
      "recall_at_100": 1.0,
      "recall_at_1000": 1.0,
      "precision_at_1": 0.46154,
      "precision_at_3": 0.38462,
      "precision_at_5": 0.32308,
      "precision_at_10": 0.25385,
      "precision_at_20": 0.14231,
      "precision_at_100": 0.03,
      "precision_at_1000": 0.003,
      "mrr_at_1": 0.5384615384615384,
      "mrr_at_3": 0.5769230769230769,
      "mrr_at_5": 0.6307692307692307,
      "mrr_at_10": 0.6435897435897436,
      "mrr_at_20": 0.6483974358974359,
      "mrr_at_100": 0.6483974358974359,
      "mrr_at_1000": 0.6483974358974359,
      "naucs_at_1_max": -0.05784867481844713,
      "naucs_at_1_std": 0.08887302671052907,
      "naucs_at_1_diff1": 0.8838060952144499,
      "naucs_at_3_max": 0.012920224307492486,
      "naucs_at_3_std": 0.3371845088811862,
      "naucs_at_3_diff1": 0.7365467166380172,
      "naucs_at_5_max": -0.05968733792694672,
      "naucs_at_5_std": 0.24942826801017542,
      "naucs_at_5_diff1": 0.6694376528117358,
      "naucs_at_10_max": 0.13251149042322502,
      "naucs_at_10_std": 0.6000734703641064,
      "naucs_at_10_diff1": 0.6809250431424813,
      "naucs_at_20_max": 0.3584967320261447,
      "naucs_at_20_std": 0.8725490196078404,
      "naucs_at_20_diff1": 0.8725490196078404,
      "naucs_at_100_max": 1.0,
      "naucs_at_100_std": 1.0,
      "naucs_at_100_diff1": 1.0,
      "naucs_at_1000_max": 1.0,
      "naucs_at_1000_std": 1.0,
      "naucs_at_1000_diff1": 1.0
    }
  }
}