{
  "zh_corpus_mineru": {
    "mode": "bm25",
    "model_name": null,
    "alpha": null,
    "rrf_k": null,
    "rows": 506,
    "queries": 506,
    "docs": 506,
    "metrics": {
      "ndcg_at_1": 0.70751,
      "ndcg_at_3": 0.76426,
      "ndcg_at_5": 0.77233,
      "ndcg_at_10": 0.78404,
      "ndcg_at_20": 0.79332,
      "ndcg_at_100": 0.80249,
      "ndcg_at_1000": 0.80946,
      "map_at_1": 0.70751,
      "map_at_3": 0.75099,
      "map_at_5": 0.75543,
      "map_at_10": 0.76038,
      "map_at_20": 0.76281,
      "map_at_100": 0.76396,
      "map_at_1000": 0.76424,
      "recall_at_1": 0.70751,
      "recall_at_3": 0.80237,
      "recall_at_5": 0.82213,
      "recall_at_10": 0.85771,
      "recall_at_20": 0.89526,
      "recall_at_100": 0.94664,
      "recall_at_1000": 1.0,
      "precision_at_1": 0.70751,
      "precision_at_3": 0.26746,
      "precision_at_5": 0.16443,
      "precision_at_10": 0.08577,
      "precision_at_20": 0.04476,
      "precision_at_100": 0.00947,
      "precision_at_1000": 0.001,
      "mrr_at_1": 0.7075098814229249,
      "mrr_at_3": 0.7509881422924901,
      "mrr_at_5": 0.7554347826086957,
      "mrr_at_10": 0.7603786310308049,
      "mrr_at_20": 0.7628112533596569,
      "mrr_at_100": 0.7639550273815161,
      "mrr_at_1000": 0.7642443978423594,
      "naucs_at_1_max": 0.7584933102465343,
      "naucs_at_1_std": 0.39770648857889684,
      "naucs_at_1_diff1": 0.8617213307225113,
      "naucs_at_3_max": 0.7743089768355997,
      "naucs_at_3_std": 0.4764232005977804,
      "naucs_at_3_diff1": 0.815221678101215,
      "naucs_at_5_max": 0.7869047624664313,
      "naucs_at_5_std": 0.5053118025816964,
      "naucs_at_5_diff1": 0.7983297424933252,
      "naucs_at_10_max": 0.8372659167855403,
      "naucs_at_10_std": 0.5731507432868074,
      "naucs_at_10_diff1": 0.7550327233173062,
      "naucs_at_20_max": 0.8537406422040349,
      "naucs_at_20_std": 0.6910234193822504,
      "naucs_at_20_diff1": 0.7165729645890493,
      "naucs_at_100_max": 0.9176231176231169,
      "naucs_at_100_std": 0.7295184375572838,
      "naucs_at_100_diff1": 0.7343641365206292,
      "naucs_at_1000_max": 1.0,
      "naucs_at_1000_std": 1.0,
      "naucs_at_1000_diff1": 1.0
    }
  }
}