{
  "zh_corpus_mineru": {
    "ndcg_at_1": 0.6,
    "ndcg_at_3": 0.65,
    "ndcg_at_5": 0.65,
    "ndcg_at_10": 0.69936,
    "ndcg_at_20": 0.73728,
    "ndcg_at_100": 0.73728,
    "ndcg_at_1000": 0.73728,
    "map_at_1": 0.6,
    "map_at_3": 0.63333,
    "map_at_5": 0.63333,
    "map_at_10": 0.65417,
    "map_at_20": 0.66453,
    "map_at_100": 0.66453,
    "map_at_1000": 0.66453,
    "recall_at_1": 0.6,
    "recall_at_3": 0.7,
    "recall_at_5": 0.7,
    "recall_at_10": 0.85,
    "recall_at_20": 1.0,
    "recall_at_100": 1.0,
    "recall_at_1000": 1.0,
    "precision_at_1": 0.6,
    "precision_at_3": 0.23333,
    "precision_at_5": 0.14,
    "precision_at_10": 0.085,
    "precision_at_20": 0.05,
    "precision_at_100": 0.01,
    "precision_at_1000": 0.001,
    "mrr_at_1": 0.55,
    "mrr_at_3": 0.5916666666666667,
    "mrr_at_5": 0.6141666666666666,
    "mrr_at_10": 0.628452380952381,
    "mrr_at_20": 0.6387568681318682,
    "mrr_at_100": 0.6387568681318682,
    "mrr_at_1000": 0.6387568681318682,
    "naucs_at_1_max": -0.4498367468091423,
    "naucs_at_1_std": -0.2877708518848324,
    "naucs_at_1_diff1": 0.1009943603443157,
    "naucs_at_3_max": 0.011889749594667426,
    "naucs_at_3_std": 0.09511799675734092,
    "naucs_at_3_diff1": -0.04044316339398322,
    "naucs_at_5_max": 0.011889749594666682,
    "naucs_at_5_std": 0.09511799675734038,
    "naucs_at_5_diff1": -0.0404431633939832,
    "naucs_at_10_max": 0.2347868532378772,
    "naucs_at_10_std": 0.09811259355678272,
    "naucs_at_10_diff1": -0.2679791734461453,
    "naucs_at_20_max": 1.0,
    "naucs_at_20_std": 1.0,
    "naucs_at_20_diff1": 1.0,
    "naucs_at_100_max": 1.0,
    "naucs_at_100_std": 1.0,
    "naucs_at_100_diff1": 1.0,
    "naucs_at_1000_max": 1.0,
    "naucs_at_1000_std": 1.0,
    "naucs_at_1000_diff1": 1.0
  }
}