{
  "zh_corpus_mineru": {
    "mode": "rrf",
    "model_name": "vidore/colpali",
    "alpha": null,
    "rrf_k": 60,
    "rows": 506,
    "queries": 506,
    "docs": 506,
    "metrics": {
      "ndcg_at_1": 0.37945,
      "ndcg_at_3": 0.44998,
      "ndcg_at_5": 0.47821,
      "ndcg_at_10": 0.51546,
      "ndcg_at_20": 0.54615,
      "ndcg_at_100": 0.57153,
      "ndcg_at_1000": 0.57993,
      "map_at_1": 0.37945,
      "map_at_3": 0.43149,
      "map_at_5": 0.447,
      "map_at_10": 0.46248,
      "map_at_20": 0.47075,
      "map_at_100": 0.47501,
      "map_at_1000": 0.47537,
      "recall_at_1": 0.37945,
      "recall_at_3": 0.50395,
      "recall_at_5": 0.57312,
      "recall_at_10": 0.68775,
      "recall_at_20": 0.81028,
      "recall_at_100": 0.93676,
      "recall_at_1000": 1.0,
      "precision_at_1": 0.37945,
      "precision_at_3": 0.16798,
      "precision_at_5": 0.11462,
      "precision_at_10": 0.06877,
      "precision_at_20": 0.04051,
      "precision_at_100": 0.00937,
      "precision_at_1000": 0.001,
      "mrr_at_1": 0.3794466403162055,
      "mrr_at_3": 0.43115942028985504,
      "mrr_at_5": 0.44667325428195,
      "mrr_at_10": 0.46214866051822573,
      "mrr_at_20": 0.4704233335582838,
      "mrr_at_100": 0.4746791948765049,
      "mrr_at_1000": 0.47504264347221925,
      "naucs_at_1_max": 0.7224567270857096,
      "naucs_at_1_std": 0.11182165340442177,
      "naucs_at_1_diff1": 0.4638677123618702,
      "naucs_at_3_max": 0.68881874242768,
      "naucs_at_3_std": 0.1460992983783623,
      "naucs_at_3_diff1": 0.36954131902640813,
      "naucs_at_5_max": 0.6475680203267902,
      "naucs_at_5_std": 0.1531173323086687,
      "naucs_at_5_diff1": 0.3359581225239322,
      "naucs_at_10_max": 0.5925530482938945,
      "naucs_at_10_std": 0.14253430370654302,
      "naucs_at_10_diff1": 0.2955243412941644,
      "naucs_at_20_max": 0.583726281342183,
      "naucs_at_20_std": 0.07673691382109288,
      "naucs_at_20_diff1": 0.2891353946398632,
      "naucs_at_100_max": 0.4934345891882172,
      "naucs_at_100_std": -0.0608690304688487,
      "naucs_at_100_diff1": 0.4411089288691209,
      "naucs_at_1000_max": 1.0,
      "naucs_at_1000_std": 1.0,
      "naucs_at_1000_diff1": 1.0
    }
  }
}