{
  "zh_corpus_mineru": {
    "ndcg_at_1": 0.15613,
    "ndcg_at_3": 0.19864,
    "ndcg_at_5": 0.21837,
    "ndcg_at_10": 0.24579,
    "ndcg_at_20": 0.27205,
    "ndcg_at_100": 0.32863,
    "ndcg_at_1000": 0.35815,
    "map_at_1": 0.15613,
    "map_at_3": 0.18808,
    "map_at_5": 0.19914,
    "map_at_10": 0.21041,
    "map_at_20": 0.21752,
    "map_at_100": 0.22508,
    "map_at_1000": 0.22629,
    "recall_at_1": 0.15613,
    "recall_at_3": 0.22925,
    "recall_at_5": 0.27668,
    "recall_at_10": 0.36166,
    "recall_at_20": 0.4664,
    "recall_at_100": 0.7747,
    "recall_at_1000": 1.0,
    "precision_at_1": 0.15613,
    "precision_at_3": 0.07642,
    "precision_at_5": 0.05534,
    "precision_at_10": 0.03617,
    "precision_at_20": 0.02332,
    "precision_at_100": 0.00775,
    "precision_at_1000": 0.001,
    "mrr_at_1": 0.1442687747035573,
    "mrr_at_3": 0.18247694334650855,
    "mrr_at_5": 0.1912714097496706,
    "mrr_at_10": 0.20367181128050693,
    "mrr_at_20": 0.21102505787401588,
    "mrr_at_100": 0.21809600338429372,
    "mrr_at_1000": 0.21933692568013502,
    "naucs_at_1_max": 0.16613014602960186,
    "naucs_at_1_std": 0.001115143390696132,
    "naucs_at_1_diff1": 0.4790552462807117,
    "naucs_at_3_max": 0.2144037836456795,
    "naucs_at_3_std": 0.12129511266681706,
    "naucs_at_3_diff1": 0.3875613408383253,
    "naucs_at_5_max": 0.22311669115348529,
    "naucs_at_5_std": 0.12008248432858774,
    "naucs_at_5_diff1": 0.3736192140530617,
    "naucs_at_10_max": 0.22019647646901727,
    "naucs_at_10_std": 0.14163876017008306,
    "naucs_at_10_diff1": 0.3382146154238629,
    "naucs_at_20_max": 0.2185178001271162,
    "naucs_at_20_std": 0.2064278672662285,
    "naucs_at_20_diff1": 0.25566848125434183,
    "naucs_at_100_max": 0.34671460314852326,
    "naucs_at_100_std": 0.24041963029018576,
    "naucs_at_100_diff1": 0.07410675002895133,
    "naucs_at_1000_max": 1.0,
    "naucs_at_1000_std": 1.0,
    "naucs_at_1000_diff1": 1.0
  }
}