{
  "zh_corpus_mineru": {
    "mode": "bm25",
    "model_name": null,
    "alpha": null,
    "rrf_k": null,
    "rows": 20,
    "queries": 20,
    "docs": 20,
    "metrics": {
      "ndcg_at_1": 0.65,
      "ndcg_at_3": 0.70655,
      "ndcg_at_5": 0.76896,
      "ndcg_at_10": 0.78562,
      "ndcg_at_20": 0.79957,
      "ndcg_at_100": 0.79957,
      "ndcg_at_1000": 0.79957,
      "map_at_1": 0.65,
      "map_at_3": 0.69167,
      "map_at_5": 0.72667,
      "map_at_10": 0.73381,
      "map_at_20": 0.73835,
      "map_at_100": 0.73835,
      "map_at_1000": 0.73835,
      "recall_at_1": 0.65,
      "recall_at_3": 0.75,
      "recall_at_5": 0.9,
      "recall_at_10": 0.95,
      "recall_at_20": 1.0,
      "recall_at_100": 1.0,
      "recall_at_1000": 1.0,
      "precision_at_1": 0.65,
      "precision_at_3": 0.25,
      "precision_at_5": 0.18,
      "precision_at_10": 0.095,
      "precision_at_20": 0.05,
      "precision_at_100": 0.01,
      "precision_at_1000": 0.001,
      "mrr_at_1": 0.65,
      "mrr_at_3": 0.6916666666666667,
      "mrr_at_5": 0.7266666666666667,
      "mrr_at_10": 0.7338095238095238,
      "mrr_at_20": 0.7383549783549783,
      "mrr_at_100": 0.7383549783549783,
      "mrr_at_1000": 0.7383549783549783,
      "naucs_at_1_max": 0.9248108064122387,
      "naucs_at_1_std": 0.861339409227765,
      "naucs_at_1_diff1": 0.6839449914557735,
      "naucs_at_3_max": 0.9377289377289374,
      "naucs_at_3_std": 0.918367346938775,
      "naucs_at_3_diff1": 0.5228676085818948,
      "naucs_at_5_max": 0.8692810457516328,
      "naucs_at_5_std": 0.8692810457516328,
      "naucs_at_5_diff1": 0.7957516339869284,
      "naucs_at_10_max": 0.8692810457516328,
      "naucs_at_10_std": 0.8692810457516328,
      "naucs_at_10_diff1": 0.7222222222222205,
      "naucs_at_20_max": 1.0,
      "naucs_at_20_std": 1.0,
      "naucs_at_20_diff1": 1.0,
      "naucs_at_100_max": 1.0,
      "naucs_at_100_std": 1.0,
      "naucs_at_100_diff1": 1.0,
      "naucs_at_1000_max": 1.0,
      "naucs_at_1000_std": 1.0,
      "naucs_at_1000_diff1": 1.0
    }
  }
}