{
  "zh_corpus_mineru": {
    "mode": "linear",
    "model_name": "vidore/colpali",
    "alpha": 0.5,
    "rrf_k": null,
    "rows": 506,
    "queries": 506,
    "docs": 506,
    "metrics": {
      "ndcg_at_1": 0.71344,
      "ndcg_at_3": 0.75995,
      "ndcg_at_5": 0.76633,
      "ndcg_at_10": 0.77837,
      "ndcg_at_20": 0.78764,
      "ndcg_at_100": 0.80017,
      "ndcg_at_1000": 0.8069,
      "map_at_1": 0.71344,
      "map_at_3": 0.74868,
      "map_at_5": 0.75214,
      "map_at_10": 0.75706,
      "map_at_20": 0.75975,
      "map_at_100": 0.76154,
      "map_at_1000": 0.76182,
      "recall_at_1": 0.71344,
      "recall_at_3": 0.79249,
      "recall_at_5": 0.8083,
      "recall_at_10": 0.84585,
      "recall_at_20": 0.88142,
      "recall_at_100": 0.94862,
      "recall_at_1000": 1.0,
      "precision_at_1": 0.71344,
      "precision_at_3": 0.26416,
      "precision_at_5": 0.16166,
      "precision_at_10": 0.08458,
      "precision_at_20": 0.04407,
      "precision_at_100": 0.00949,
      "precision_at_1000": 0.001,
      "mrr_at_1": 0.7134387351778656,
      "mrr_at_3": 0.7486824769433464,
      "mrr_at_5": 0.7521409749670619,
      "mrr_at_10": 0.7570581592320722,
      "mrr_at_20": 0.7597501841130924,
      "mrr_at_100": 0.7615421139187474,
      "mrr_at_1000": 0.7618152065132106,
      "naucs_at_1_max": 0.4030551356434804,
      "naucs_at_1_std": -0.7137419695345695,
      "naucs_at_1_diff1": 0.853700799687361,
      "naucs_at_3_max": 0.35280109231920587,
      "naucs_at_3_std": -0.7757832305913392,
      "naucs_at_3_diff1": 0.7558104752348574,
      "naucs_at_5_max": 0.3296103152063167,
      "naucs_at_5_std": -0.7859076792835191,
      "naucs_at_5_diff1": 0.7461906317916461,
      "naucs_at_10_max": 0.24525188084039293,
      "naucs_at_10_std": -0.8434098861998928,
      "naucs_at_10_diff1": 0.6967253835405964,
      "naucs_at_20_max": 0.25167756843320327,
      "naucs_at_20_std": -0.845105617703198,
      "naucs_at_20_diff1": 0.689437667422387,
      "naucs_at_100_max": 0.13506504296037183,
      "naucs_at_100_std": -0.9633602372176728,
      "naucs_at_100_diff1": 0.6594882073860419,
      "naucs_at_1000_max": 1.0,
      "naucs_at_1000_std": 1.0,
      "naucs_at_1000_diff1": 1.0
    }
  }
}